customer_id,name,age,gender,credit_score,account_open_year,income
1,Tiffany Bates,56.0,Female,550,2022,172504.2
2,Jesus Myers,69.0,Female,633,2024,10836.8
3,Frank Charles,46.0,Female,810,2022,14908.91
4,Douglas Baker,32.0,Other,592,2023,18335.5
5,Kenneth Bradford,60.0,Female,319,2023,51619.62
6,Frances Wong,25.0,Female,581,2022,10615.74
7,Terri Peters,78.0,Male,300,2021,34360.79
8,Thomas Bowman,38.0,Female,418,2023,35378.61
9,Laura Perez,56.0,Female,334,2021,14981.85
10,Brenda Diaz,75.0,Other,497,2023,41728.19
11,Andrea Williams,36.0,Other,784,2021,10950.48
12,Barbara Carrillo,40.0,Other,358,2021,9817.08
13,Savannah Rich,28.0,Other,460,2021,33142.06
14,Emily Tate,28.0,Other,505,2022,5705.56
15,Katherine Bartlett,41.0,Other,311,2021,3512.73
16,Donald Gonzalez,70.0,Female,789,2021,51112.58
17,Adam Boyd,53.0,Other,575,2021,85641.27
18,Julia Brennan,57.0,Other,541,2023,18810.11
19,Jose Howard,41.0,Male,515,2021,15380.9
20,Emma Henry,20.0,Female,550,2023,82001.1
21,Tara Taylor,39.0,Female,425,2021,9541.58
22,Shannon Richards,70.0,Female,516,2021,7673.9
23,Gina Wilson MD,19.0,Other,605,2022,60875.68
24,Dwayne Ball,41.0,Other,484,2023,30272.37
25,Joshua Morgan,61.0,Other,338,2021,87014.44
26,Kenneth Stewart,47.0,Male,522,2023,3528.71
27,Jennifer Weeks,55.0,Other,483,2023,7392.92
28,John Jones,19.0,Male,794,2024,30433.06
29,Jennifer Hernandez,77.0,Female,726,2022,45552.75
30,Amanda Walker,38.0,Other,477,2022,69978.95
31,Brent Woods,,Male,727,2022,35730.87
32,Priscilla Vasquez,29.0,Male,593,2024,35369.59
33,Arthur Kennedy,75.0,Other,450,2024,20323.87
34,Dominique Turner,39.0,Female,683,2022,147245.65
35,Brett Liu,78.0,Female,607,2024,9955.99
36,Jennifer Wilson,61.0,Female,635,2024,42957.77
37,Brenda Baldwin,42.0,Male,674,2024,11171.75
38,Sydney Porter,66.0,Male,307,2022,51212.1
39,Cory Valentine,44.0,Male,640,2022,10635.31
40,Jerome Castillo,76.0,Male,428,2022,63118.45
41,Matthew Peters,59.0,Female,651,2024,33558.91
42,David Rodriguez,45.0,Other,657,2022,171715.07
43,John York,77.0,Male,816,2024,22650.41
44,Andrew Bates,33.0,Male,794,2021,45886.16
45,Jamie Jones,32.0,Female,385,2024,13756.91
46,Kelly Bradshaw,79.0,Other,474,2023,22495.25
47,Victoria Lam,79.0,Other,492,2022,33346.3
48,Jeffrey Floyd,64.0,Female,610,2022,6514.15
49,Stephanie Campbell,79.0,Female,418,2023,7268.67
50,Bradley James,,Other,517,2024,54655.87
51,Pamela Pena MD,61.0,Male,726,2021,25922.48
52,David Johnson,72.0,Other,713,2023,16581.22
53,Leslie Henderson,69.0,Female,413,2023,14356.62
54,Joseph Jones,74.0,Male,444,2024,14920.09
55,Sharon Moore,20.0,Male,837,2022,33573.87
56,Mr. Brian Howard,54.0,Female,602,2024,46816.38
57,Douglas Murray,68.0,Female,644,2023,3702.8
58,Sean Owen,24.0,Female,300,2023,123227.4
59,Brian Jones,38.0,Other,446,2022,114766.33
60,Rebecca Brown,26.0,Other,586,2022,2916.96
61,Stephanie Brooks,56.0,Male,352,2022,
62,Paula Rollins,35.0,Female,603,2024,86178.11
63,Daniel Gaines,21.0,Male,368,2022,30013.37
64,Jaime Russell,,Male,660,2023,8199.14
65,Michael Wood,77.0,Male,519,2023,82799.79
66,Wayne Wiley,31.0,Male,460,2021,23569.8
67,Melanie Gilmore,67.0,Female,388,2024,51939.33
68,Robert Wood,75.0,Male,458,2021,275999.39
69,Susan Doyle,26.0,Female,788,2023,38591.58
70,Robert Wright,43.0,Female,623,2021,11992.87
71,Stephen Dean,70.0,Other,680,2023,21444.46
72,Jordan Beasley,19.0,Female,401,2021,13622.9
73,Sarah Brown,37.0,Other,793,2022,46278.94
74,Robert Armstrong,45.0,Female,318,2021,13398.33
75,Patricia Jackson,64.0,Female,753,2022,18696.68
76,Robert Martin,77.0,Female,781,2022,8304.25
77,Richard Fowler,24.0,Other,696,2024,26287.94
78,Kayla Melton,61.0,Other,578,2022,35800.15
79,Christopher Quinn,78.0,Male,664,2022,2047.07
80,Joseph Garza,25.0,Other,630,2021,38891.31
81,Stephanie Mcfarland,64.0,Other,643,2023,28659.85
82,Yvette Stewart,52.0,Other,754,2024,13960.13
83,Amanda Hoffman,31.0,Other,364,2022,228109.62
84,Michael Houston,34.0,Male,375,2024,78231.62
85,Andrea Nixon,53.0,Other,442,2021,10022.12
86,Aaron Young,67.0,Female,772,2022,69368.6
87,Matthew Vaughn,57.0,Female,716,2021,104135.76
88,Brandon Case,21.0,Other,604,2024,
89,Sandra Lozano,19.0,Other,796,2021,43061.93
90,Edward Bernard,79.0,Female,590,2024,42078.8
91,Kendra Nunez,23.0,Female,401,2021,3726.17
92,John Silva,71.0,Male,566,2024,24886.56
93,Steven Lee,59.0,Female,302,2023,23624.51
94,Corey Hill,21.0,Female,384,2021,
95,Susan Duran,71.0,Other,627,2021,41884.89
96,Victoria Watkins,46.0,Female,749,2023,22277.71
97,Matthew Smith,35.0,Male,753,2023,27414.52
98,Justin Fletcher,43.0,Female,520,2021,83477.99
99,Gregory Browning,61.0,Other,453,2023,24943.49
100,Caleb Cross,51.0,Other,311,2022,14924.47
101,Jasmine Benton,27.0,Female,432,2024,22771.17
102,Rebecca Walker,79.0,Other,603,2024,76852.92
103,Mr. Brandon Baird,53.0,Male,592,2024,49272.31
104,Benjamin Ward,,Male,599,2022,31357.87
105,Courtney Dougherty,48.0,Female,342,2023,36333.37
106,Trevor Reid,65.0,Female,642,2023,17140.69
107,Rhonda Gomez,32.0,Female,625,2021,24710.99
108,Robert Williams,25.0,Other,797,2023,15454.39
109,Louis Stewart,31.0,Male,663,2021,22340.88
110,Eileen Patterson,40.0,Male,726,2022,115281.35
111,Veronica Wilson,77.0,Other,320,2024,10209.57
112,Christian Valdez,74.0,Male,706,2024,15066.59
113,Charles Nunez,79.0,Female,635,2024,8558.27
114,Jason Gay,57.0,Female,416,2023,6891.5
115,Ronald Valdez,,Female,423,2021,24888.99
116,Robert Adams,33.0,Male,698,2021,16176.96
117,Michelle Baxter,62.0,Female,350,2022,174667.87
118,Joseph Mendez,35.0,Other,623,2023,22609.06
119,Taylor Anderson,64.0,Other,440,2022,108917.88
120,Hannah Davies,70.0,Male,769,2021,78980.73
121,Dawn Martin,41.0,Other,633,2021,24342.97
122,Beth Nelson,43.0,Other,672,2024,247480.79
123,Patricia Evans,42.0,Male,793,2023,39241.36
124,Richard Bell,77.0,Female,838,2021,136211.2
125,Jaclyn Silva,77.0,Female,455,2024,121242.69
126,Sean Carlson,77.0,Female,590,2023,45415.13
127,Barbara Robertson,62.0,Male,443,2022,63581.86
128,Janet Hernandez,58.0,Other,405,2023,55995.36
129,Carrie Walton,46.0,Female,719,2023,9553.77
130,Sean Cummings,32.0,Female,301,2021,31768.9
131,Sandra Rodriguez,62.0,Male,389,2021,87833.64
132,David Roberts,18.0,Female,644,2023,138017.94
133,Karen Pierce,42.0,Male,649,2021,14593.23
134,Dustin Peters,24.0,Other,758,2021,50908.44
135,Scott Myers,26.0,Male,562,2021,34885.37
136,Mr. Christian Boone MD,,Male,650,2024,26664.24
137,Jose Gonzalez,18.0,Male,407,2024,42828.34
138,Jeffrey Medina,,Male,338,2023,37307.52
139,Deborah Taylor,25.0,Other,458,2021,51552.72
140,Dennis Turner,41.0,Other,611,2024,126838.44
141,Kimberly Henderson,28.0,Female,540,2023,65714.85
142,Lonnie Perkins,68.0,Other,744,2021,40926.94
143,Kelly Walker,34.0,Other,597,2022,193605.47
144,James Ortega,25.0,Female,335,2021,91024.34
145,Kylie Cameron,52.0,Other,383,2021,
146,Richard Long,52.0,Male,751,2024,8882.45
147,John Hull,50.0,Male,684,2023,11171.51
148,Steven Ramsey,76.0,Female,471,2023,76281.45
149,Tony Robinson,22.0,Female,675,2024,15972.76
150,James Adams,59.0,Female,661,2021,10947.84
151,Dennis Warren,56.0,Male,440,2022,14056.88
152,Sharon Carter,75.0,Other,417,2021,15086.69
153,Kristy Conrad,58.0,Male,576,2021,70234.88
154,Jennifer Ruiz,45.0,Female,519,2022,25647.74
155,Maria Greene,24.0,Other,325,2024,7605.13
156,Robert Palmer,26.0,Other,820,2023,30945.95
157,Mr. Alex Jenkins,25.0,Male,309,2024,37467.11
158,John Morgan,29.0,Female,677,2024,18575.82
159,Charlotte Richardson,51.0,Male,451,2021,95305.02
160,Mary Daniels,50.0,Other,348,2023,19692.91
161,Timothy Castro,65.0,Male,453,2023,90879.56
162,Stephanie Ball,72.0,Male,592,2024,54487.98
163,Cynthia Hayden,40.0,Female,349,2022,75777.61
164,Sarah Brown,79.0,Female,830,2024,10000.61
165,Christopher King,41.0,Other,359,2022,33099.15
166,Ian Walker,54.0,Male,466,2023,28456.29
167,Rebecca Ewing,52.0,Male,501,2024,7236.88
168,Michael Davenport,61.0,Male,445,2021,90582.23
169,Stacy Woods,57.0,Other,738,2024,13247.34
170,Derek Ward,39.0,Other,541,2023,16307.57
171,Tyler Crawford,44.0,Female,782,2021,10890.4
172,Jessica Snyder,52.0,Female,407,2021,60484.29
173,Robert Watson,18.0,Female,525,2022,6522.56
174,Thomas Sheppard,52.0,Male,731,2021,55649.45
175,Tonya Cunningham,54.0,Male,718,2021,85260.51
176,Mr. Robert Brown,64.0,Female,754,2024,51335.16
177,Richard Harmon,31.0,Male,459,2023,61180.34
178,Sarah Jackson,20.0,Female,822,2022,64119.2
179,Julie Hall,18.0,Other,376,2024,11608.91
180,Edward Taylor,22.0,Female,808,2021,
181,Matthew Duran,43.0,Other,740,2021,18937.07
182,Melinda Riley,72.0,Male,553,2022,28073.04
183,Nathan Jacobs,31.0,Female,619,2023,21510.91
184,Brianna Diaz,56.0,Male,562,2022,49045.06
185,Leslie Garrett,44.0,Other,673,2024,17516.8
186,Susan Williams,26.0,Other,466,2022,32076.16
187,Donna Walters,32.0,Other,758,2021,8722.04
188,Diane Allen,32.0,Male,579,2024,96145.49
189,Rebecca Miller,43.0,Male,601,2021,58670.58
190,Isaiah Curry,59.0,Male,830,2023,22397.24
191,Erika Adams,77.0,Male,517,2021,18766.03
192,Nicholas Holt,30.0,Other,401,2021,57158.36
193,Tammy Brown,68.0,Other,587,2022,14789.3
194,Daniel Cruz,49.0,Female,466,2021,34006.87
195,Dr. Jennifer Anderson,56.0,Female,335,2024,95831.95
196,Kevin Thomas,66.0,Male,652,2024,13328.98
197,Paula Haynes,69.0,Other,372,2023,43371.31
198,Amanda Burton,78.0,Other,652,2024,41137.6
199,Amanda Brown,49.0,Other,369,2022,27217.51
200,Michael Alvarez,21.0,Female,724,2023,18127.1
201,Richard Delgado,47.0,Female,816,2024,
202,Ricardo Becker,54.0,Other,727,2022,16504.43
203,Stephen Smith,40.0,Other,838,2024,4899.62
204,Angel Ford,56.0,Other,459,2024,56924.79
205,Emily Castaneda,62.0,Female,448,2021,9024.06
206,Rickey Roy,32.0,Other,529,2024,59924.09
207,Shawn Santos,60.0,Other,366,2024,113988.85
208,Scott Miles,,Male,680,2022,56314.23
209,Carlos Taylor,53.0,Male,357,2022,87584.91
210,Shaun Watkins,30.0,Female,558,2021,226160.85
211,Sarah Allen,49.0,Other,641,2024,78882.38
212,John Lopez,24.0,Other,429,2021,41752.98
213,Anthony West,76.0,Male,471,2024,
214,Matthew Anderson,68.0,Female,508,2023,173464.49
215,Jessica Lee,39.0,Male,653,2023,175909.41
216,Brooke Rogers,45.0,Male,770,2021,18339.44
217,Tony Wilson,19.0,Male,415,2021,7746.02
218,Holly Delgado,59.0,Male,563,2021,17253.33
219,Michelle Michael,62.0,Other,741,2022,60632.98
220,William Lee,79.0,Other,847,2022,35175.73
221,Sheri Perry,74.0,Male,752,2022,24403.25
222,Timothy Moore,70.0,Female,776,2021,52545.46
223,Justin Smith,23.0,Female,586,2024,6892.21
224,Julian Mayer,,Female,602,2023,34548.59
225,Tammy Moore,,Female,610,2021,91803.92
226,Kelly Hunter,61.0,Male,507,2022,51962.02
227,Ann Lopez,61.0,Other,745,2022,59919.81
228,Theresa Patterson,37.0,Female,354,2021,148201.11
229,Barbara Dillon,47.0,Male,311,2021,28079.9
230,Marie Ortega,79.0,Female,699,2022,15613.03
231,Shelley Smith,28.0,Female,814,2024,98564.62
232,Beth Ortiz,75.0,Male,841,2022,96768.16
233,Lisa Martin,72.0,Other,536,2022,52430.53
234,Leslie Gray,45.0,Other,578,2021,25554.83
235,Diana Barnett,42.0,Male,647,2024,30041.42
236,Amanda Graham,56.0,Other,403,2022,8368.08
237,David Johnson,79.0,Male,816,2022,91299.37
238,Gregory Aguilar,50.0,Male,547,2023,88133.15
239,Michael Ali,18.0,Male,663,2021,8080.99
240,Gary Wilkerson,74.0,Other,620,2023,71437.97
241,Zachary Banks,44.0,Male,585,2023,44938.69
242,John Wood,79.0,Female,448,2022,10796.51
243,Shannon Schmidt,74.0,Other,383,2021,8981.77
244,Lisa Howard,69.0,Other,705,2024,43584.02
245,Felicia Howard,30.0,Other,755,2022,20155.82
246,Samantha Valenzuela,58.0,Other,460,2024,185146.28
247,Jacqueline Banks,20.0,Female,759,2024,
248,Heather Adams,56.0,Other,849,2021,48177.42
249,Adrian Rodriguez,23.0,Other,799,2023,
250,Steven Scott,25.0,Male,808,2021,113529.71
251,Patricia Cruz,44.0,Other,780,2024,69945.44
252,Larry White DDS,26.0,Female,413,2022,49450.09
253,Steven Lara,79.0,Female,660,2024,11256.39
254,Heather Zavala,54.0,Female,640,2022,641073.65
255,Brendan Clements,50.0,Female,748,2022,9954.4
256,Craig Allen,68.0,Other,479,2021,21947.53
257,Charles Hill,59.0,Other,706,2024,5734.32
258,Julie Hess,61.0,Female,495,2023,51418.37
259,Tony Boyle,41.0,Female,765,2024,34893.75
260,Brandon Roberts,32.0,Other,610,2024,64487.66
261,Audrey Anderson,76.0,Female,561,2023,5270.53
262,Kevin Sanchez,71.0,Male,718,2021,91295.64
263,April Carter,,Female,705,2024,13380.01
264,Mr. Steven Mcdonald Jr.,,Female,442,2024,25846.94
265,Anthony Owens,41.0,Male,641,2022,76154.84
266,Miguel Cross,58.0,Male,615,2024,38957.22
267,Bonnie Aguilar,69.0,Other,400,2023,41810.18
268,Whitney Hill,66.0,Other,543,2022,66711.42
269,Darrell Cummings,79.0,Male,789,2021,46061.99
270,Amy Jackson,66.0,Male,311,2022,21329.47
271,Dr. Kyle Short,75.0,Other,538,2023,25399.47
272,Lori Wood,69.0,Female,341,2023,37079.94
273,James Graham,29.0,Male,728,2022,12251.41
274,Joseph Roberts,79.0,Other,457,2021,81223.62
275,Michael Wood,56.0,Female,515,2022,40038.89
276,Becky Moore,19.0,Male,761,2021,32329.29
277,Erin Ramsey,20.0,Female,433,2022,98858.94
278,Jennifer Watts,66.0,Other,366,2023,26604.59
279,Clarence Doyle,54.0,Male,306,2024,24997.51
280,Todd Cunningham,66.0,Female,825,2024,18477.77
281,Derrick Briggs,73.0,Male,372,2021,42277.9
282,Stephen Herrera,34.0,Female,698,2021,40839.41
283,Yesenia Schaefer,76.0,Other,704,2021,15408.41
284,Margaret Lopez,66.0,Other,429,2023,25115.96
285,Andrew Jones,19.0,Male,765,2022,15511.71
286,Michael Bentley,19.0,Female,505,2023,14825.21
287,Thomas Cannon,45.0,Male,565,2024,5319.08
288,Jonathan Gordon,71.0,Male,836,2021,23814.32
289,Lori Hardy,40.0,Female,552,2022,5468.39
290,Maria Ferguson,54.0,Female,588,2024,18885.26
291,Christopher Garcia,49.0,Female,463,2024,16256.66
292,Jason Goodwin,50.0,Other,394,2024,85892.15
293,Robert Decker,18.0,Male,409,2023,10872.78
294,Richard Cox,36.0,Male,635,2021,14013.36
295,Aimee Terrell,79.0,Other,537,2024,20484.6
296,Danielle Greene,19.0,Female,680,2021,16794.54
297,Shannon Petersen,70.0,Other,735,2023,117972.57
298,David Meyers,61.0,Other,782,2024,9608.33
299,Kathy Willis,43.0,Other,324,2023,20528.06
300,Tyler Craig,49.0,Male,416,2023,41815.31
301,Carolyn Page,23.0,Other,781,2021,72412.63
302,Amy Forbes,49.0,Male,691,2024,20510.89
303,Jason Holden,72.0,Male,836,2023,4406.58
304,Elizabeth Payne,21.0,Male,378,2024,25818.55
305,Michelle Perry,72.0,Female,472,2021,115957.75
306,Randy Kennedy,28.0,Male,311,2023,39780.82
307,Jennifer Livingston,73.0,Male,427,2021,38001.11
308,Brianna Garcia,76.0,Female,391,2024,10362.35
309,Laura Matthews,34.0,Male,842,2024,9351.4
310,Angela Riley,55.0,Other,831,2021,30546.16
311,Howard Miller,41.0,Other,746,2022,7205.31
312,Joseph Miller,22.0,Male,689,2023,65533.38
313,Robert Navarro,69.0,Female,342,2024,12865.52
314,Mrs. Shannon Fischer,51.0,Other,553,2024,29269.33
315,Cody Alvarez,23.0,Female,429,2023,4551.38
316,James Phillips,39.0,Female,359,2021,20234.63
317,Andrew Herrera,,Other,766,2021,9164.5
318,Alisha Martin,65.0,Female,586,2021,2942.45
319,Justin Duncan,,Other,816,2022,51575.12
320,Joshua Rojas,50.0,Female,766,2022,154834.52
321,Rebecca Schneider,26.0,Other,644,2024,92820.82
322,Lindsey Kelly,77.0,Male,681,2021,59316.53
323,Joshua Ward,76.0,Other,552,2023,19827.63
324,Frederick Jensen,23.0,Other,355,2024,
325,Debbie Castro,33.0,Other,762,2023,102007.93
326,Nicole Adams,46.0,Other,756,2024,34398.72
327,Jose Merritt,20.0,Female,382,2022,9178.26
328,Doris Howard,37.0,Male,398,2024,18207.13
329,Sara Thomas,77.0,Other,448,2022,164661.83
330,David Espinoza,76.0,Female,628,2024,27839.43
331,Katherine Evans,,Male,455,2021,1079.44
332,Robert Burton,36.0,Male,489,2023,6905.19
333,Charles Bennett,43.0,Male,793,2021,19623.91
334,Robert Wilson,20.0,Male,562,2024,84522.91
335,Diana Smith,36.0,Other,379,2024,22829.99
336,Carolyn Baker,37.0,Other,699,2024,86110.3
337,Brian Flores,49.0,Female,559,2022,17726.05
338,Jacqueline Flores,24.0,Female,400,2023,4207.65
339,Jordan Solis,69.0,Female,658,2023,18350.12
340,Brandon Howard,58.0,Male,679,2024,42357.37
341,Bonnie Haas,50.0,Male,520,2024,38983.86
342,Brittany Klein,57.0,Other,719,2022,8551.35
343,Alejandra Larson,56.0,Male,423,2021,21115.37
344,Jackson Hobbs,35.0,Male,721,2021,439602.81
345,Frank Roy,57.0,Male,530,2023,8740.16
346,Micheal Rose,18.0,Female,362,2022,
347,George Stewart,28.0,Female,784,2024,3685.93
348,Ellen Wilson,45.0,Other,782,2023,71164.15
349,James Burnett,74.0,Male,818,2022,12291.06
350,John Ramirez,42.0,Male,454,2021,44848.3
351,Raven Gill,67.0,Other,391,2022,8245.53
352,Patrick Moore,40.0,Male,825,2021,40127.03
353,Michael Ferguson,48.0,Male,754,2022,12092.04
354,Luis Ross,47.0,Female,809,2023,14675.06
355,Deborah Morgan,59.0,Other,482,2021,46673.82
356,Victoria Macias,52.0,Other,685,2023,19507.75
357,Sarah Perez,24.0,Other,704,2023,43885.27
358,Sarah Craig,77.0,Other,545,2021,24787.91
359,Martha Kim,,Female,770,2021,32094.7
360,Susan Young,43.0,Female,722,2024,46818.75
361,Paul Rogers,65.0,Male,364,2024,21140.25
362,Angela Rivera,74.0,Male,312,2024,11080.07
363,Rose Reynolds,69.0,Male,512,2023,17617.37
364,Alexander Levy,77.0,Male,541,2023,99120.53
365,Tyrone Shaw,66.0,Female,792,2024,33695.71
366,Mr. Brian Davis,19.0,Other,512,2023,12888.03
367,Joseph Allen,18.0,Female,637,2023,44824.64
368,Charles Owen,65.0,Male,472,2021,47919.04
369,April Turner,79.0,Female,463,2021,50460.78
370,Matthew Pugh,29.0,Other,764,2023,11283.71
371,James Wallace,,Other,796,2024,15162.21
372,Colin Wright,54.0,Female,694,2022,15246.78
373,Jennifer Daniel,49.0,Female,607,2024,20916.73
374,Austin Sutton,,Female,482,2022,51424.6
375,Laura Stephenson,72.0,Male,809,2024,
376,Kelly Benson,26.0,Female,845,2021,
377,Kathryn Clark,58.0,Female,526,2023,116188.81
378,Thomas Campbell,52.0,Female,735,2023,59745.17
379,Frances Smith,36.0,Other,721,2021,26033.8
380,Robert Smith,65.0,Other,320,2022,9182.62
381,Kimberly Scott,33.0,Male,696,2022,14682.41
382,Gregory White,20.0,Male,404,2022,23092.14
383,Robert Peterson,37.0,Other,491,2021,68739.72
384,John Melton,,Other,316,2022,29191.15
385,Johnathan Keller,71.0,Other,419,2021,15564.64
386,Robert Lambert,73.0,Female,692,2024,14415.51
387,Diane Smith,50.0,Female,724,2024,27983.62
388,Pamela Guzman,41.0,Other,428,2021,73052.98
389,Jim Jackson,69.0,Female,429,2023,147262.5
390,Victor Huffman,28.0,Female,328,2024,24420.64
391,Mr. Michael Boone,66.0,Male,396,2022,28687.29
392,Rachel Sawyer,25.0,Other,309,2021,8910.73
393,Rachel Howell,53.0,Other,541,2022,208594.04
394,Janet Chen,,Female,531,2022,7390.49
395,Corey Thomas,,Other,583,2023,96820.59
396,Richard Lloyd,37.0,Male,499,2022,20818.9
397,Joshua Thomas,79.0,Male,378,2023,16474.78
398,Mr. Jesse Mooney Jr.,52.0,Male,472,2024,9886.73
399,Christopher Johns,65.0,Other,766,2021,334035.08
400,Jesse Russell,79.0,Other,715,2022,37438.1
401,George Spencer,42.0,Other,748,2021,30645.25
402,Steve Cisneros,52.0,Other,386,2022,72815.57
403,Joseph Contreras,,Other,400,2021,15648.34
404,Victor Pierce,46.0,Male,307,2022,30055.43
405,Mark Moss,35.0,Female,499,2022,31738.6
406,Kenneth Thomas,,Male,804,2022,17976.25
407,Amanda Davis,35.0,Other,386,2022,99567.47
408,Cynthia Simmons,19.0,Male,342,2022,24107.98
409,Brooke Baxter,71.0,Other,684,2022,6347.53
410,Sandra Wade,52.0,Other,734,2022,22191.29
411,Taylor Gray,33.0,Male,707,2022,38489.14
412,Patrick Nixon,78.0,Other,782,2022,12276.71
413,Russell Crawford,58.0,Female,316,2021,13284.56
414,Selena Mcclain,53.0,Other,447,2023,
415,Kevin Guzman,50.0,Female,576,2022,101741.27
416,Calvin Aguirre,21.0,Female,531,2023,18431.1
417,Thomas Fritz,50.0,Other,665,2022,125250.33
418,Rebecca Velez,31.0,Male,527,2022,16220.03
419,Richard Williamson,38.0,Female,735,2021,41521.51
420,Rachel Clarke,65.0,Male,698,2024,19200.85
421,Allen Allen,37.0,Female,510,2024,63769.85
422,Robert House,73.0,Other,690,2021,9805.3
423,Andre Ayers,25.0,Other,798,2023,63058.12
424,Justin Whitaker,24.0,Female,839,2024,33618.17
425,Cheryl Tucker,20.0,Other,790,2021,15818.9
426,Nathan Rodriguez,34.0,Female,741,2021,25405.76
427,Nancy Boyd,50.0,Other,560,2024,139080.42
428,Lynn Coleman,65.0,Male,649,2023,
429,Jenny Moreno,29.0,Other,651,2021,14856.97
430,Justin Bruce,76.0,Male,819,2022,8993.52
431,Mary Bradford,,Other,619,2023,49729.67
432,Travis Butler,39.0,Male,437,2023,36490.16
433,Sarah Hayes,72.0,Other,849,2024,60112.52
434,James Crawford,39.0,Male,667,2024,6951.61
435,Tami Hansen,63.0,Female,519,2022,9289.98
436,Jimmy Taylor,47.0,Female,636,2021,
437,Robert Randolph,55.0,Male,522,2024,41785.07
438,David Mclean,55.0,Other,659,2024,51141.6
439,Stephanie Johnston,62.0,Male,628,2023,11455.96
440,Jasmine Lewis MD,68.0,Other,762,2024,11248.22
441,Laura Morales,71.0,Female,681,2024,80838.72
442,Megan Petty,25.0,Other,468,2024,84738.92
443,David Sanchez,44.0,Female,516,2024,10103.46
444,Michael Morris,44.0,Other,677,2023,
445,Kelly Robles,51.0,Other,418,2022,26912.86
446,Mark Hale,38.0,Other,489,2022,13488.65
447,Jacob Thompson,47.0,Male,669,2021,13210.61
448,Cynthia Franco,50.0,Male,448,2024,8583.31
449,Ryan Hernandez,45.0,Female,787,2023,18779.46
450,Barbara Brewer,64.0,Female,673,2021,9454.61
451,Jason Herring,50.0,Male,459,2021,10032.17
452,Krystal Martinez,22.0,Female,650,2022,40430.69
453,Michael Hernandez,,Male,587,2023,28388.93
454,Michael Smith,78.0,Other,587,2023,48719.34
455,Kimberly Sampson,65.0,Female,525,2023,5767.07
456,Danielle Hartman,36.0,Female,822,2022,30297.89
457,Kristin Martinez,21.0,Male,821,2022,239088.77
458,Amanda Mathews,52.0,Female,572,2022,20674.99
459,Audrey Johnson,66.0,Female,701,2022,68439.24
460,Kenneth Brown,34.0,Other,482,2022,67843.54
461,Kevin Jones,61.0,Female,787,2024,71264.33
462,Richard Edwards,45.0,Other,423,2024,35440.64
463,Carolyn Cox,47.0,Male,713,2023,52840.79
464,Erin Jensen,46.0,Female,471,2021,60353.02
465,Ashley Clay,63.0,Other,587,2023,56635.92
466,Ronald Welch,70.0,Male,734,2021,9813.7
467,Andrea Rivera,23.0,Female,412,2022,5440.18
468,Alexis Lynch,52.0,Male,421,2021,6344.66
469,Scott Brown,77.0,Female,843,2023,22897.72
470,Jennifer Murphy,58.0,Male,521,2023,
471,Steven Powell,54.0,Male,338,2021,9942.18
472,Maureen Garcia,41.0,Other,796,2024,75578.2
473,Tracy Smith,,Male,532,2022,18154.57
474,Paul Richardson,66.0,Female,829,2022,18328.22
475,Christine Callahan,63.0,Female,448,2023,13001.83
476,Ms. Linda Moyer MD,70.0,Other,696,2024,4555.84
477,John Hampton,48.0,Female,601,2021,
478,John Rodriguez,52.0,Female,659,2022,166311.93
479,Adam Martin,77.0,Female,537,2024,28177.76
480,Tommy Ingram,50.0,Male,535,2022,4714.14
481,Michelle Estes,69.0,Male,502,2024,
482,Kathryn Campbell,78.0,Female,555,2024,5908.54
483,Elizabeth Osborne,38.0,Other,534,2023,8954.56
484,Michael Rose,,Male,644,2022,23638.09
485,Michael Huber,40.0,Other,833,2021,33921.22
486,Diana Johnson,50.0,Female,765,2023,10941.18
487,Jennifer Smith,20.0,Female,840,2023,22734.45
488,Jessica Chambers,35.0,Male,512,2021,61335.56
489,Elizabeth Jones,,Female,762,2023,70342.51
490,Richard Calderon,59.0,Male,735,2024,104862.9
491,Kevin Landry,48.0,Female,582,2024,202474.92
492,Heather Giles,71.0,Female,762,2022,67429.78
493,Frederick Allen,,Male,706,2022,24154.26
494,Jessica Anderson,20.0,Male,387,2021,70846.19
495,Mrs. Madison Holmes,57.0,Male,343,2022,47842.46
496,Jill Hopkins,63.0,Female,760,2024,49777.56
497,Danny Butler,41.0,Female,577,2021,35816.77
498,Kelly Green,67.0,Other,720,2021,12050.95
499,Terry Vasquez,49.0,Male,652,2022,10730.62
500,David Jackson,64.0,Female,814,2024,27223.46
501,Paul Park,39.0,Female,318,2021,34817.06
502,Sandra Roberts,40.0,Male,322,2024,15207.01
503,Michele Bentley,19.0,Other,712,2024,45811.69
504,Sandra Rodgers,44.0,Male,329,2024,240318.06
505,Jennifer Hobbs,59.0,Other,407,2022,5242.86
506,Alyssa Gutierrez,,Female,666,2023,53701.55
507,Katherine Bennett,43.0,Other,580,2023,28084.64
508,Robin Collins,34.0,Female,427,2021,47080.22
509,Bonnie Smith,57.0,Male,528,2024,19501.33
510,Wanda Walker,50.0,Male,410,2022,25923.18
511,Sydney Conner,26.0,Male,435,2024,34147.79
512,Lisa Thomas,60.0,Other,661,2024,22188.26
513,Katherine Harris,71.0,Female,485,2022,6557.81
514,Mario Norton,65.0,Male,428,2023,23742.87
515,Christina Fletcher,56.0,Male,560,2024,7277.33
516,Tyrone Garner,46.0,Female,814,2024,57650.01
517,Rebecca Preston,59.0,Male,748,2023,4644.35
518,Amy Romero,72.0,Female,403,2022,83918.98
519,Sara Bauer,43.0,Female,782,2021,46097.58
520,Jacqueline Hamilton,52.0,Female,523,2023,46274.27
521,Wanda Larson,67.0,Female,790,2021,3444.87
522,Angela Vargas,42.0,Female,772,2021,21597.94
523,Heather Banks,41.0,Other,309,2023,95084.01
524,Isaac Carroll,30.0,Male,704,2024,17860.46
525,April Gordon,77.0,Other,601,2021,10207.63
526,Cody King DDS,75.0,Male,530,2021,15871.54
527,Amanda Becker,24.0,Other,365,2022,28020.03
528,Brandon Smith,74.0,Female,411,2024,12804.89
529,Charles May,53.0,Male,312,2021,103029.42
530,Michael Williams,62.0,Male,692,2022,28121.37
531,Edward Parks,37.0,Other,799,2024,17212.37
532,Joanne Harris,18.0,Other,533,2023,8164.98
533,Jacob Sawyer,25.0,Male,613,2023,48698.29
534,Natasha Hernandez,63.0,Other,311,2022,47601.47
535,Denise Austin,33.0,Other,508,2023,13585.3
536,Taylor Moss,31.0,Other,313,2021,3205.5
537,Jennifer Reed,29.0,Female,717,2024,45239.0
538,Margaret Morrow,68.0,Female,736,2021,24888.2
539,Richard Oconnor,40.0,Other,676,2021,41983.16
540,Charles Lee,,Other,319,2023,212378.89
541,Laura Walls,45.0,Female,369,2021,29205.75
542,Peter Hancock,51.0,Female,510,2023,17945.85
543,Alexandra Sellers,19.0,Male,400,2024,9524.58
544,Kristin Phillips,49.0,Male,431,2024,21950.19
545,Anthony Taylor,40.0,Female,680,2021,35225.66
546,Tracy Richards,39.0,Other,431,2022,31642.62
547,Roy Brown,68.0,Other,319,2023,168117.43
548,Jenna Wolf MD,42.0,Other,835,2023,49416.43
549,Christina Garcia,75.0,Other,526,2021,26216.7
550,Frederick Valdez,79.0,Male,453,2023,14800.14
551,Carol Kelly,78.0,Female,768,2023,39168.39
552,Jeremy Nguyen,39.0,Other,704,2022,12111.91
553,Elizabeth Williams,75.0,Male,501,2022,35910.45
554,Laura Barrett,75.0,Other,337,2021,48843.01
555,Cody Marsh,,Female,487,2022,24161.13
556,Samantha Krause,66.0,Male,356,2021,15973.18
557,Thomas Lee,69.0,Female,319,2024,3373.33
558,Richard Howard,59.0,Female,572,2021,94163.64
559,Alexis Shelton,23.0,Male,418,2024,44902.69
560,Shari Nelson,32.0,Male,815,2021,46007.97
561,Michael Rich,71.0,Male,520,2023,6295.56
562,Matthew Taylor,60.0,Male,825,2022,119227.82
563,Jessica Marsh,77.0,Male,814,2024,18839.97
564,Dustin Williams,54.0,Male,635,2021,22474.97
565,Wanda Christensen,50.0,Male,354,2022,10297.6
566,Steven Taylor,25.0,Other,799,2021,5024.13
567,John Edwards,70.0,Female,835,2022,95444.38
568,Leslie Willis,77.0,Male,461,2022,108613.4
569,Jill Sanchez,61.0,Other,458,2021,25423.38
570,Tina Wright,61.0,Other,487,2024,15207.87
571,Richard Miller,22.0,Other,359,2024,20576.57
572,Claudia Mccarty,,Female,618,2023,21148.78
573,Alice Carr,21.0,Male,510,2022,9037.09
574,Anne Johnston,23.0,Other,705,2023,22397.34
575,Michael Wood,62.0,Female,408,2023,34963.32
576,Jennifer Wilson,49.0,Female,375,2021,83042.67
577,Megan Mcguire,69.0,Female,841,2021,30430.38
578,Derrick Welch,47.0,Other,613,2021,6201.84
579,William Thomas,64.0,Male,416,2022,42723.33
580,Sheena Green,52.0,Other,318,2021,23225.87
581,Lori Morris,72.0,Other,731,2021,118108.9
582,Frank Rivers,57.0,Male,649,2022,125293.02
583,Caroline Gutierrez,69.0,Male,482,2022,129755.47
584,Michael Hughes,33.0,Male,412,2024,17109.08
585,Andrea Shaw,30.0,Female,482,2021,219434.21
586,Dennis Farley,67.0,Male,780,2021,42612.17
587,Kyle Evans,77.0,Other,445,2021,152563.02
588,William Snyder,59.0,Male,412,2024,
589,Diamond Cortez,47.0,Other,775,2021,22255.76
590,Laurie Hernandez,36.0,Female,602,2024,39457.52
591,Kelly Acosta,34.0,Other,417,2023,34920.53
592,Renee Peck,73.0,Other,460,2024,105215.36
593,Charles Hill,36.0,Male,700,2023,23785.31
594,Robert Miles,45.0,Male,497,2021,96140.66
595,Debra Patterson,,Other,559,2023,62391.68
596,Mark Robinson,72.0,Male,346,2024,24235.18
597,Eugene Parsons,43.0,Female,698,2022,57735.6
598,Stanley Gilbert,54.0,Female,377,2023,18688.95
599,Christine Sanchez,43.0,Male,423,2023,314631.84
600,Paul Moses,70.0,Female,374,2021,2089.38
601,Kari Allen,79.0,Male,436,2024,58799.93
602,Christine Austin,40.0,Other,699,2023,5137.68
603,Patricia Guerrero,26.0,Other,804,2023,23939.76
604,Stacey Flowers,29.0,Female,799,2023,27538.62
605,Renee Alvarez,70.0,Male,437,2023,135480.94
606,Robert Torres,18.0,Male,349,2022,15014.93
607,Jonathan Lang,75.0,Female,553,2024,110964.39
608,Austin Hensley,75.0,Other,725,2021,9229.28
609,Ronnie Green,18.0,Female,846,2021,115338.02
610,Margaret Ramirez,64.0,Other,601,2022,18668.77
611,Jacqueline Joseph,51.0,Male,648,2024,32285.94
612,Ashley Wilson,49.0,Other,348,2023,21430.58
613,Cory Tran,79.0,Female,373,2022,108154.51
614,Sarah Brown,71.0,Male,560,2024,89026.78
615,Ruth Martinez,65.0,Female,655,2023,46744.62
616,Breanna Mitchell,42.0,Female,559,2022,9481.37
617,Jermaine Ball,57.0,Other,594,2024,
618,Jay Coleman,62.0,Female,612,2021,10725.47
619,Meagan Livingston,70.0,Other,481,2021,3167.85
620,Edgar Woods,18.0,Male,663,2024,105902.14
621,Angela Solis,33.0,Other,487,2021,21614.7
622,Travis Cook,78.0,Male,842,2024,21385.29
623,Kelsey Thompson,56.0,Other,847,2023,133927.63
624,Phillip Baldwin,22.0,Female,707,2024,18638.12
625,Ashley Howard,39.0,Other,713,2023,12945.22
626,Matthew Rivera,46.0,Other,641,2022,23961.58
627,Dorothy Vasquez,72.0,Male,519,2024,9665.17
628,Robert Zimmerman,20.0,Female,462,2022,42332.42
629,Kimberly Lloyd,29.0,Other,519,2021,20646.28
630,Kristina Fisher,43.0,Female,569,2023,18064.09
631,Roy Johnson,33.0,Other,699,2024,16565.04
632,Terry Ray,68.0,Other,481,2022,26976.76
633,Katherine Gray,54.0,Female,504,2023,32611.94
634,Thomas Perry,39.0,Other,527,2023,17836.06
635,Alicia Robertson,74.0,Female,549,2021,
636,Christopher Vaughn,46.0,Other,740,2021,27651.35
637,Tammy Rodriguez,31.0,Male,832,2023,24997.59
638,Cheryl Reese,45.0,Female,495,2023,30946.92
639,Gary Bennett,22.0,Other,818,2024,
640,William Smith,64.0,Other,369,2023,81923.86
641,Steven Castillo,66.0,Male,698,2024,33050.13
642,Marcus Kim,47.0,Female,502,2023,18126.06
643,Martha Downs,63.0,Other,447,2021,42333.62
644,Kaylee Sweeney,,Male,771,2024,27849.88
645,Tony Werner,69.0,Other,498,2022,5298.22
646,Jose Coleman,22.0,Female,725,2021,42188.6
647,Sarah Wheeler,29.0,Other,791,2024,10823.19
648,Michele Vaughn,33.0,Other,441,2024,76372.69
649,Christy Reeves,43.0,Other,612,2022,23557.58
650,Lauren Castro,43.0,Other,464,2024,65448.77
651,Tracy Greene,65.0,Male,613,2023,15974.26
652,Michael Carter,38.0,Male,320,2022,32172.97
653,Sandra Taylor,56.0,Female,381,2021,100629.04
654,Charles Williams,53.0,Male,430,2021,22923.92
655,Wayne Green,50.0,Male,604,2023,16616.24
656,Desiree King,79.0,Female,670,2021,57756.62
657,Jeffery Morris,47.0,Male,683,2024,56648.13
658,Joel Malone,54.0,Male,744,2024,17330.16
659,Christopher Franco,40.0,Female,724,2023,
660,Michelle Moreno,75.0,Female,460,2021,16300.15
661,Donna Tanner,27.0,Female,477,2021,59060.18
662,Robert Sandoval,,Other,789,2023,13820.64
663,Donald Guzman,22.0,Other,626,2022,29673.65
664,Jill Cooper,53.0,Female,588,2021,15544.59
665,Melissa Stevenson,51.0,Female,653,2022,4345.02
666,Melissa Lawrence,69.0,Female,327,2021,15267.34
667,Megan Alvarez,48.0,Other,342,2021,58811.03
668,Ryan Hicks,27.0,Other,722,2021,
669,Matthew Johnson,75.0,Male,476,2021,38604.34
670,Sara Reyes,36.0,Male,828,2024,9162.58
671,Hayley Riddle,75.0,Female,793,2022,55126.99
672,Brittany King,49.0,Other,497,2022,61283.85
673,Peter Williams,18.0,Other,816,2021,25260.69
674,Jeffrey Rich,73.0,Other,813,2021,25318.34
675,Heather Adams,22.0,Female,321,2022,13394.37
676,Jonathan Meyer,62.0,Male,411,2024,7811.63
677,Marissa Pena,21.0,Female,356,2023,163905.54
678,Tammy Owens,33.0,Male,365,2023,12630.64
679,Corey Ryan,41.0,Male,397,2022,143882.0
680,Karen Decker,33.0,Female,443,2021,12701.21
681,Eric Barnes,72.0,Male,734,2021,50723.42
682,Melissa Martinez,19.0,Male,385,2024,9615.63
683,Jason Smith,66.0,Other,643,2023,50632.44
684,Connie Weaver,45.0,Male,593,2024,21663.09
685,Tony Molina,49.0,Female,542,2023,21948.11
686,Thomas Herrera,44.0,Female,331,2022,55214.22
687,Carrie Fisher DDS,37.0,Male,690,2023,18766.17
688,Jessica Lucas,41.0,Other,576,2024,7192.57
689,Susan Cole,29.0,Other,831,2024,64232.09
690,Alexander Waller,67.0,Male,453,2024,9538.12
691,Cynthia Russell,52.0,Male,682,2022,50285.39
692,James Chan,77.0,Female,367,2023,79375.83
693,Steven Castro,50.0,Male,513,2023,20608.5
694,Christopher Gallagher,50.0,Other,675,2024,97861.21
695,Daniel Solomon,78.0,Male,512,2023,48568.79
696,Steven Best,68.0,Female,378,2021,14959.34
697,Jeffrey Baker,60.0,Female,680,2021,121829.97
698,Michael Ross,54.0,Female,357,2021,9578.54
699,John Davis,29.0,Female,325,2023,20583.65
700,Christopher Rice,,Female,746,2022,24407.31
701,Joshua Rodriguez,18.0,Male,365,2022,54949.86
702,Michael Mcdaniel,50.0,Male,553,2022,91526.7
703,James Goodman,57.0,Male,343,2022,85969.19
704,Michael Pierce,27.0,Male,396,2021,37522.69
705,Megan Williams,60.0,Female,526,2021,22667.41
706,Cheryl Fox,61.0,Other,735,2024,4831.77
707,Maria Ramos,46.0,Male,678,2023,8061.11
708,Jillian Mitchell,30.0,Other,477,2023,175537.53
709,Chase Nguyen,29.0,Male,726,2022,4783.27
710,Christopher Miller,48.0,Male,606,2021,13690.56
711,Jenna Jordan,63.0,Other,803,2022,94236.13
712,Mrs. Molly Douglas DVM,19.0,Female,567,2024,36999.73
713,Emily Gillespie,78.0,Male,307,2023,75886.78
714,Eric King,68.0,Male,807,2023,51626.02
715,Crystal Bentley,67.0,Male,775,2022,
716,Kathy Mitchell,52.0,Other,596,2024,40311.01
717,James Harris,40.0,Female,463,2023,58244.23
718,David Fields,34.0,Other,784,2024,14540.69
719,Brandon Mayer,43.0,Other,371,2024,53921.56
720,Angela Ortega,25.0,Female,537,2022,20187.66
721,Brittany Hill,46.0,Other,403,2021,19069.53
722,Matthew Buck,43.0,Female,509,2022,73399.78
723,Ashley Cooper,27.0,Male,767,2021,73907.98
724,Tina Johnson,43.0,Female,753,2024,162331.34
725,Christopher Peterson,79.0,Male,567,2021,152088.19
726,Robert Simpson,,Other,685,2024,75076.87
727,Christopher Davis,68.0,Other,686,2023,5369.59
728,Jessica Adkins,58.0,Male,558,2023,186583.41
729,Jeremy Lopez,24.0,Other,582,2023,75125.88
730,Dean Fleming,21.0,Female,339,2022,13948.02
731,Walter Conrad,75.0,Male,785,2022,62184.55
732,Marissa Marks,70.0,Other,519,2024,10632.67
733,Heather Olson,67.0,Male,428,2023,55691.5
734,Cheyenne Riley,62.0,Female,819,2022,8044.01
735,Monica Rodriguez,28.0,Female,559,2023,13369.54
736,Aaron Williams,46.0,Other,665,2022,61015.41
737,Sandra Barber,73.0,Female,843,2021,87714.23
738,Mrs. Destiny Pineda,53.0,Male,823,2021,41539.06
739,Kevin Perez,,Female,315,2023,22534.08
740,Jason Moore,38.0,Male,428,2024,3619.48
741,Samantha Harris,78.0,Male,408,2022,24341.34
742,Michelle Curtis,74.0,Female,832,2022,51145.91
743,Wanda Duncan,53.0,Other,568,2021,21855.06
744,Mary Alexander,27.0,Female,461,2021,29330.25
745,Jocelyn Rios,54.0,Male,559,2024,24917.74
746,Thomas Martinez,26.0,Male,401,2024,21747.33
747,Sean Solis,41.0,Female,805,2024,32364.91
748,Amanda Sosa,52.0,Other,546,2023,22839.76
749,Debra Martinez,66.0,Other,836,2021,127038.09
750,Cindy Hernandez,52.0,Male,430,2023,3302.83
751,Marcus Dickson,65.0,Male,652,2021,17380.6
752,James Hughes,53.0,Other,495,2021,12565.33
753,Christopher Fox,35.0,Female,681,2022,37349.07
754,Lauren Mendez,66.0,Male,526,2021,32405.95
755,Veronica Jacobs,56.0,Male,775,2021,151925.53
756,Jessica Owens,49.0,Other,776,2023,211101.58
757,Jennifer Barnes,41.0,Female,564,2021,13847.63
758,Mark Hodges,40.0,Other,671,2023,30015.01
759,Paul Moody,79.0,Female,785,2024,36506.92
760,Scott Hudson,49.0,Female,733,2021,13509.37
761,Jennifer Ruiz,54.0,Female,510,2021,56237.25
762,Christian Turner,29.0,Male,676,2023,23610.46
763,Carrie Fitzgerald,66.0,Other,694,2024,10314.62
764,Lisa Morrison,72.0,Other,749,2022,22683.3
765,Trevor Smith,30.0,Female,663,2024,11062.08
766,Linda Casey,40.0,Male,756,2023,84592.38
767,Cameron Meyer,42.0,Male,525,2024,200889.83
768,Jennifer Miller,52.0,Other,430,2023,38321.72
769,Spencer Wallace,58.0,Male,775,2023,33531.13
770,Isaiah Howard,47.0,Male,576,2022,34939.99
771,David Salazar,34.0,Female,455,2021,97849.58
772,Kristi Collins,66.0,Male,517,2023,95764.91
773,David Romero,79.0,Female,489,2023,26723.51
774,Cheyenne Hoffman,37.0,Other,716,2022,38620.66
775,Carly Smith,65.0,Male,845,2023,57618.51
776,Amanda Mitchell,42.0,Other,340,2021,9616.78
777,April Chavez,39.0,Other,606,2022,100867.28
778,Keith Moore,30.0,Male,637,2021,170039.25
779,Brittany Mckenzie,76.0,Male,613,2021,96180.77
780,Jessica Allen,36.0,Other,374,2022,8633.1
781,Kyle Hayes,66.0,Male,578,2023,4183.7
782,Cynthia Morris,53.0,Female,475,2021,60941.6
783,Nicole Sutton,29.0,Female,572,2021,
784,Ashley Murray PhD,,Male,588,2021,39978.06
785,Stephanie Ward,58.0,Other,571,2021,139260.48
786,Jodi Wall,36.0,Male,365,2022,15552.82
787,Justin Mendoza,29.0,Male,782,2022,20566.07
788,Daniel Norris,,Other,547,2024,39564.03
789,Lisa Gross,24.0,Other,455,2024,8196.34
790,John Gregory,45.0,Female,346,2021,14060.1
791,Mark Martin,31.0,Other,753,2023,30755.07
792,Robert Collins,48.0,Female,500,2021,22214.44
793,Mallory Thompson,69.0,Other,423,2023,55125.1
794,Megan Garza,36.0,Male,300,2021,476838.09
795,Tamara Jones,75.0,Female,490,2024,33126.57
796,Jesus Allen,64.0,Female,815,2024,12929.16
797,Anthony Graves,33.0,Female,741,2023,123895.41
798,Robert Solomon,70.0,Male,442,2021,6125.0
799,Francis Smith,22.0,Male,490,2023,7480.42
800,John Smith,52.0,Male,832,2024,16545.17
801,Lisa Campbell,29.0,Male,526,2021,22608.15
802,Jordan Moore,42.0,Male,612,2021,16153.3
803,Ashley Caldwell,69.0,Female,601,2023,29069.37
804,Tracy Reyes DDS,76.0,Male,759,2022,39485.73
805,Sara Miller MD,38.0,Female,700,2023,87370.43
806,Alexander Ritter Jr.,53.0,Male,692,2024,32864.26
807,Jose Ray,70.0,Other,506,2024,17102.95
808,Cassandra Bond,,Female,509,2024,
809,Brett Rose,33.0,Other,414,2024,13243.17
810,Bradley Reid,74.0,Female,550,2024,5862.61
811,Madeline Young,56.0,Other,518,2022,100198.52
812,Matthew Myers,62.0,Male,706,2021,93977.05
813,Dylan Porter,,Male,742,2023,13584.09
814,Heather Hardy,59.0,Male,653,2023,20127.73
815,Jennifer Campbell,75.0,Female,849,2024,11992.36
816,Justin Curry DVM,56.0,Other,441,2023,41588.41
817,Amanda Arias,31.0,Male,800,2024,169566.75
818,Sherry Franklin,48.0,Other,846,2022,60586.93
819,Brian Ramos,75.0,Other,841,2022,84514.41
820,Lindsay Wilson,22.0,Male,806,2021,68096.49
821,Philip Savage,52.0,Male,580,2022,29996.43
822,Andrea Callahan,40.0,Other,723,2022,88635.98
823,Andrew Butler PhD,,Male,569,2021,63195.17
824,Lisa Esparza,60.0,Male,453,2023,126550.71
825,Mrs. Suzanne Hernandez,28.0,Male,382,2024,18947.05
826,Donald White,35.0,Female,725,2024,5275.56
827,Ryan Hines,64.0,Other,574,2023,85323.37
828,Shawn Ayers,29.0,Other,583,2021,42562.22
829,Jennifer Rodriguez,26.0,Female,472,2023,22312.59
830,Lisa Branch,27.0,Other,626,2022,23595.23
831,Paul Griffith,75.0,Male,362,2021,386017.89
832,Jeffery Dougherty,61.0,Other,372,2021,15784.09
833,Glenda Kelly,34.0,Male,674,2021,12780.16
834,Toni Butler,78.0,Female,807,2024,32670.8
835,Sandra Perry,55.0,Male,697,2023,97679.16
836,Mindy Coleman,24.0,Other,419,2021,292832.09
837,William Castillo,63.0,Other,736,2021,57891.02
838,Zachary Diaz,30.0,Other,764,2021,8421.51
839,Kristy Gallegos,57.0,Female,585,2023,215306.3
840,David Miller,59.0,Female,564,2024,29421.59
841,Jessica Beltran,26.0,Other,619,2022,12981.02
842,Robert Perry,,Male,675,2024,10194.06
843,Charles West,44.0,Female,388,2021,69236.36
844,Diamond Walters,75.0,Other,502,2024,38092.86
845,Michael Cooper,19.0,Other,633,2024,42362.89
846,Nichole Robertson,22.0,Female,521,2022,108603.16
847,Christopher Golden,46.0,Female,340,2023,13450.86
848,Michelle Gregory,54.0,Female,367,2023,117607.41
849,Jesus Clark,55.0,Male,813,2024,17850.65
850,Courtney Rodriguez,,Male,426,2024,261178.68
851,Samuel Dalton,25.0,Other,554,2023,54594.68
852,Christy Webb,65.0,Female,315,2023,11952.72
853,Jack Coleman,62.0,Male,776,2022,3958.16
854,Kevin Stone Jr.,18.0,Female,361,2021,67364.76
855,David Meadows II,39.0,Other,731,2024,20635.59
856,Benjamin Harris,69.0,Male,567,2023,25677.93
857,Joseph Morris,34.0,Male,334,2024,64546.98
858,Margaret Wilkinson,24.0,Male,793,2024,82402.12
859,Wendy Anderson,42.0,Other,768,2023,101993.36
860,Sara Lindsey,,Female,624,2022,9266.04
861,Kristi Thomas,21.0,Male,603,2024,124847.39
862,Zachary Pittman,53.0,Other,575,2022,16812.99
863,Jeremy Williams,23.0,Female,500,2023,3142.28
864,Kevin Daugherty,77.0,Other,744,2021,9232.75
865,Brandon Logan,48.0,Female,623,2021,37308.55
866,Shawn Coleman,36.0,Other,334,2024,11272.69
867,Dennis Olson,78.0,Female,781,2023,27471.6
868,Gabrielle Mendez,61.0,Male,779,2022,42074.84
869,Lisa Berry,71.0,Female,364,2024,25023.41
870,Sharon Butler,56.0,Other,307,2023,18298.94
871,Colleen Soto MD,44.0,Other,600,2023,8589.16
872,William Scott,27.0,Female,642,2022,30665.59
873,Danielle Whitehead,43.0,Male,730,2024,3804.71
874,Benjamin Baker,36.0,Male,723,2023,15107.62
875,Eric Collins,56.0,Female,631,2023,11862.87
876,Holly Caldwell,,Female,737,2023,23613.55
877,Tracy Drake,20.0,Other,473,2022,24236.69
878,Julia Thomas,62.0,Male,826,2024,78347.5
879,Kimberly Alexander,30.0,Female,325,2024,146156.02
880,Christine Jones,67.0,Male,705,2024,9810.16
881,Margaret Harrell,45.0,Female,531,2024,220088.56
882,Jennifer Davis,79.0,Female,832,2021,13761.87
883,Kevin Thornton,75.0,Male,849,2021,35649.11
884,Arthur Jenkins,37.0,Female,804,2024,50001.87
885,Thomas Chambers,45.0,Female,478,2022,345772.19
886,Dylan Bell,25.0,Other,431,2021,17442.59
887,Sarah Boyd,78.0,Female,754,2023,
888,Paul Parsons,58.0,Female,647,2021,133163.39
889,Julie Wang,56.0,Female,839,2023,
890,Sara Chapman,18.0,Other,705,2024,20897.07
891,Sarah Smith,20.0,Male,375,2021,9810.45
892,Tiffany Green,30.0,Other,791,2022,20957.44
893,Paula Roberts,45.0,Other,493,2021,12946.25
894,Ashley Williams,79.0,Male,461,2021,59006.0
895,David Bryan,74.0,Other,646,2021,32524.35
896,Gregory Harris,77.0,Male,660,2024,15182.48
897,Taylor Foster,66.0,Other,386,2022,81212.51
898,Andrew Anthony,42.0,Male,561,2021,38713.72
899,Amanda Stuart,73.0,Female,513,2022,4735.79
900,Alexis Koch,50.0,Other,561,2024,75256.38
901,Jill Wall,55.0,Other,582,2023,36091.78
902,Corey Farmer,70.0,Other,766,2021,120533.76
903,Samantha Brown,23.0,Other,679,2022,33957.67
904,Carrie Lee,75.0,Female,661,2022,
905,Richard Ford,61.0,Other,748,2024,24456.65
906,Bryan Hall,62.0,Female,740,2021,67028.42
907,Mr. Zachary Berg PhD,49.0,Female,392,2023,13880.16
908,James Jackson,62.0,Female,723,2022,19315.36
909,Holly Cabrera,78.0,Female,441,2021,24034.94
910,Sharon Skinner,64.0,Male,590,2023,9505.07
911,Jacob Boyer,38.0,Male,731,2022,14081.67
912,Connor Smith,33.0,Other,348,2022,35649.94
913,Travis Nguyen,71.0,Male,601,2023,99850.61
914,James Smith,38.0,Male,489,2023,41196.13
915,Brandi Mcintyre,28.0,Other,435,2024,28655.23
916,Jared Schneider,77.0,Other,703,2021,13064.87
917,Heather Weeks,54.0,Other,640,2021,89689.87
918,Desiree Burns,53.0,Male,617,2024,46279.68
919,Christopher Miller,52.0,Male,662,2022,14797.64
920,Christopher Casey,36.0,Other,681,2023,73688.43
921,Adrian Martin,37.0,Female,532,2023,52497.97
922,Lindsay Townsend,74.0,Other,643,2023,13298.71
923,Christopher Wilson,35.0,Female,848,2022,27107.74
924,Sean Phelps,64.0,Female,828,2023,18327.9
925,Erica Beck,58.0,Other,482,2023,417688.24
926,Albert Smith,66.0,Other,340,2024,51056.98
927,Julie Dunn,31.0,Other,696,2022,36160.21
928,Carrie Whitaker,32.0,Male,793,2021,48127.82
929,Leslie Mcneil,48.0,Female,632,2024,119147.23
930,Robert Branch,,Male,426,2024,27600.04
931,Gary Davila,70.0,Male,300,2021,16631.33
932,Ryan Cruz,71.0,Other,467,2024,69789.29
933,Joshua Perez,71.0,Male,318,2022,25185.11
934,Susan Nolan,20.0,Other,631,2023,10291.33
935,Melissa Walters,33.0,Female,755,2022,8469.83
936,Julie Ramirez,40.0,Other,408,2021,138447.88
937,Mrs. Nicole Harris MD,74.0,Male,567,2021,34221.08
938,Ryan Brown,28.0,Male,744,2024,16637.01
939,Catherine Richardson,29.0,Other,539,2022,23732.9
940,Dr. Connie Roberts,27.0,Other,600,2022,67265.14
941,Brittany Kirk,49.0,Male,402,2021,22371.59
942,Andrew Jimenez,33.0,Female,549,2022,7041.19
943,Abigail Dominguez,25.0,Female,752,2021,41555.85
944,Danielle Stewart,55.0,Other,819,2022,100438.46
945,Max Thornton,29.0,Female,452,2022,93940.51
946,Teresa Green,41.0,Male,473,2022,17147.76
947,Mr. Anthony Adkins,45.0,Other,642,2021,106737.23
948,Maria Cole,70.0,Male,730,2024,37119.68
949,Matthew Ryan,25.0,Male,623,2022,103787.42
950,Jared Cantu,75.0,Female,719,2021,53243.96
951,Anthony Fowler,45.0,Other,784,2021,6550.89
952,Mr. Dennis Miller,53.0,Other,711,2022,172076.01
953,Felicia Gonzales,43.0,Female,383,2022,31594.44
954,Mary Smith,25.0,Male,412,2024,53409.64
955,Andrea Blevins,75.0,Male,631,2021,7823.66
956,Gary Davis,77.0,Male,677,2021,49725.8
957,Elizabeth Walker,67.0,Male,340,2023,90389.23
958,Evan Fernandez,45.0,Other,404,2021,207787.87
959,Zachary Mckinney,45.0,Other,501,2024,121704.65
960,Emily Page,54.0,Female,749,2023,52217.73
961,Colleen Armstrong,58.0,Female,565,2023,6403.34
962,Adam Martin,53.0,Other,509,2023,34242.59
963,Thomas Ryan,44.0,Other,417,2022,16588.14
964,Kathleen Smith,71.0,Male,676,2022,37946.42
965,Ronald Vazquez,,Male,839,2021,8889.51
966,Timothy Warren PhD,26.0,Female,383,2023,24313.47
967,Douglas Phillips,50.0,Other,753,2024,17885.93
968,Taylor Burton,70.0,Female,813,2022,17340.26
969,Craig Vargas,37.0,Other,686,2024,17513.31
970,Ryan Patterson,30.0,Male,649,2024,26189.08
971,Gerald Sanchez,45.0,Female,595,2022,39940.55
972,Adam Johnson,65.0,Female,557,2022,2466.26
973,Jared Garcia,46.0,Other,380,2022,2786.44
974,Katrina Moses,30.0,Male,567,2022,21381.07
975,Julia Wolf,63.0,Female,718,2023,24616.78
976,Ricardo Brewer,52.0,Male,534,2023,36245.26
977,Deborah Collins,78.0,Female,610,2023,14490.96
978,Troy Hamilton,23.0,Male,656,2023,30285.3
979,Lindsey Carney,35.0,Other,512,2021,34046.27
980,Michael Parks,68.0,Female,348,2023,14391.52
981,Nicole Hayden,,Female,426,2022,82653.17
982,Brandon Cook,64.0,Male,522,2024,35808.44
983,Jessica Myers,42.0,Male,578,2023,51839.81
984,Richard Carpenter,19.0,Female,707,2021,32138.13
985,Steven Johnson,27.0,Other,804,2022,245886.61
986,Michael Bryant,73.0,Male,593,2024,54466.97
987,Keith Lee,47.0,Male,576,2024,18415.71
988,Teresa Mason,67.0,Male,737,2023,68180.89
989,Andrea Clark,76.0,Female,406,2024,5833.36
990,Jason Hall,62.0,Female,719,2023,33811.39
991,Rebecca Aguilar,22.0,Female,728,2023,41279.16
992,Timothy Jones,72.0,Female,674,2022,34199.74
993,Trevor Brown PhD,73.0,Other,372,2022,21486.36
994,Monica Wong,50.0,Other,329,2021,10901.76
995,Veronica Brown,71.0,Female,487,2022,13624.24
996,Judy Bernard,18.0,Other,663,2022,33223.99
997,Brittany Wallace,35.0,Male,750,2023,9852.04
998,Tracey Taylor,49.0,Male,494,2022,176155.12
999,Kimberly Sanchez,64.0,Male,455,2023,2138.92
1000,Kenneth Davis,66.0,Female,471,2023,21709.71
1001,Edward Hurst,28.0,Male,340,2022,33501.39
1002,Lisa Fuentes,38.0,Other,362,2021,49830.05
1003,Brandy Brooks,43.0,Female,322,2021,12004.39
1004,Ricardo Wright,42.0,Other,659,2024,93269.41
1005,Lauren Aguilar,39.0,Male,374,2024,7443.69
1006,Brandon Ortiz,76.0,Male,417,2022,17031.57
1007,Eric Myers,44.0,Male,679,2021,55809.55
1008,Brian Foster,66.0,Female,589,2023,84892.52
1009,Gabriel Walker,30.0,Other,739,2024,7368.37
1010,Gerald Hernandez,50.0,Female,306,2023,422518.9
1011,Evan Huff,51.0,Female,495,2024,12227.72
1012,Mariah Soto,58.0,Male,720,2022,8076.95
1013,Andrea Frank,52.0,Female,492,2021,49596.1
1014,Adrienne Marshall,18.0,Female,447,2024,21176.75
1015,Sheena Rollins,38.0,Male,501,2021,18267.89
1016,Kristin Brown,65.0,Female,743,2023,54425.97
1017,Amanda Jackson,72.0,Male,718,2022,6513.66
1018,Cassandra Walker,23.0,Male,726,2021,5468.82
1019,Elizabeth Lawrence,45.0,Male,778,2022,16506.83
1020,Courtney Hooper,34.0,Male,774,2021,88155.22
1021,Rebecca Thompson,22.0,Female,425,2023,17238.45
1022,Alexa Lewis,48.0,Male,694,2023,148465.72
1023,Tammy Rogers,22.0,Male,624,2022,99704.63
1024,Jessica Young,55.0,Female,691,2023,39811.01
1025,Lisa Barnett,20.0,Female,739,2024,42136.79
1026,Amanda Pierce,70.0,Other,503,2021,39773.47
1027,Claudia Young,40.0,Female,785,2023,35195.39
1028,Madeline Hoffman,54.0,Female,330,2024,20800.06
1029,Christopher Gill,70.0,Other,687,2022,23359.64
1030,Mark Wise,54.0,Female,733,2024,10290.67
1031,Daniel Norton,27.0,Female,675,2022,3290.88
1032,Maria White,27.0,Female,643,2022,90492.59
1033,Curtis Estrada,36.0,Female,742,2021,35108.94
1034,John Wallace,34.0,Other,374,2021,30186.92
1035,Laura Brown,38.0,Female,454,2024,44685.39
1036,Jonathan Smith,31.0,Female,729,2021,13102.46
1037,Casey Rodriguez,26.0,Other,662,2021,11024.67
1038,Cathy Lawson,63.0,Male,747,2021,22590.12
1039,Julia Smith,18.0,Other,533,2024,117836.24
1040,Michael Chapman,68.0,Male,561,2023,9322.74
1041,Sara Adams,62.0,Other,424,2021,2168.71
1042,Dominique Mcdaniel,30.0,Other,544,2021,17810.64
1043,Darren James,21.0,Female,841,2024,94056.65
1044,Marie White,79.0,Male,784,2023,5305.02
1045,Beverly Williams,18.0,Female,421,2021,9215.75
1046,Michael Nelson,66.0,Male,424,2022,39046.14
1047,Stephanie Rogers,57.0,Other,848,2024,391938.3
1048,Allison Brooks,49.0,Other,469,2021,7713.61
1049,Peter Williams,51.0,Male,423,2021,7420.63
1050,Nicole Sheppard,,Female,334,2022,42093.6
1051,Gloria Wilson,48.0,Female,386,2022,100070.19
1052,Jennifer Liu,25.0,Female,500,2024,16072.32
1053,Carly Cabrera,56.0,Female,668,2024,5928.69
1054,Nicole Jenkins,43.0,Other,376,2022,46290.96
1055,Christina Patton,,Other,358,2024,55480.9
1056,Renee Harrington,51.0,Other,730,2022,177656.61
1057,Deborah Rodriguez,71.0,Other,799,2021,57866.84
1058,Lucas Adams,71.0,Other,408,2022,68666.64
1059,Amber Oliver,20.0,Female,577,2022,23081.98
1060,Phillip Brown,76.0,Female,367,2023,344709.39
1061,Kimberly King,67.0,Female,368,2022,20147.0
1062,Christine Moore,29.0,Female,464,2022,16269.22
1063,Steven Gibbs,18.0,Other,788,2023,183224.52
1064,Lori Robinson,71.0,Other,604,2024,6868.6
1065,Dr. Amanda Vega,61.0,Other,664,2023,4729.36
1066,Raymond Ramirez,22.0,Male,678,2021,33809.92
1067,Rebecca Ray,47.0,Female,642,2023,29947.95
1068,Melissa Sparks,47.0,Female,653,2021,23886.4
1069,Jerome Alvarez,76.0,Other,715,2024,81054.94
1070,Michael Jones,74.0,Female,408,2023,12097.41
1071,Christopher Roberts,34.0,Female,796,2023,31988.12
1072,Jennifer Mitchell,65.0,Other,640,2024,20928.07
1073,Bryce Hernandez,64.0,Male,682,2021,12304.67
1074,Brandy Odom,40.0,Male,832,2023,28201.0
1075,Ellen Wiggins,32.0,Male,599,2021,70371.84
1076,Karen Gonzales DDS,,Other,438,2023,250076.16
1077,Amanda Preston,38.0,Female,658,2022,53550.03
1078,Samuel Foster,31.0,Other,798,2023,2436.01
1079,Anthony Robbins,19.0,Other,684,2024,28877.34
1080,Todd Wilson,28.0,Female,579,2024,31531.91
1081,Shawn Williams,68.0,Male,782,2021,76508.85
1082,Lisa Bass,56.0,Male,410,2023,36089.71
1083,Michele Romero,55.0,Other,438,2021,105034.23
1084,Derek Robles,77.0,Male,734,2021,44383.51
1085,Amy Shah,51.0,Other,808,2022,142593.15
1086,Kim Smith,55.0,Other,572,2022,19345.34
1087,Adam Hayes,67.0,Female,398,2024,34658.43
1088,Rebecca Mclean,,Female,403,2021,68568.89
1089,James Butler,35.0,Female,513,2024,16928.58
1090,Anita Stewart,47.0,Other,464,2023,13615.17
1091,Kyle Jackson,32.0,Female,819,2021,15988.11
1092,Mrs. Elizabeth Curry,44.0,Male,583,2021,14182.12
1093,Daniel Ramirez,68.0,Male,816,2023,50590.27
1094,Richard Montoya,51.0,Other,463,2023,4789.32
1095,Antonio Stephens,69.0,Other,363,2024,6329.54
1096,Kimberly Davis,74.0,Female,390,2024,193242.11
1097,Adam Jackson,55.0,Other,416,2023,14528.33
1098,Sarah Short,50.0,Other,566,2024,36642.63
1099,William Sheppard,41.0,Male,439,2023,6766.95
1100,Natasha Wood,32.0,Male,545,2021,32960.89
1101,Ethan Blackburn,77.0,Female,694,2021,14617.08
1102,Ryan Perez,47.0,Other,786,2022,6284.64
1103,Alexis Clark,72.0,Other,775,2021,114219.02
1104,Rhonda Roberts,59.0,Male,816,2023,97882.04
1105,Natasha Clay,68.0,Other,483,2024,26946.21
1106,Misty Owens,34.0,Male,319,2022,81501.09
1107,Mark Brooks,22.0,Female,823,2024,201238.36
1108,David Franklin,46.0,Male,828,2023,63769.39
1109,Charles Thomas,21.0,Other,446,2021,48466.71
1110,Jill Reid,27.0,Female,603,2022,36603.62
1111,Kimberly Smith,,Male,527,2023,57437.35
1112,Angelica Johnson,34.0,Male,401,2022,20848.42
1113,Cody Tran,27.0,Female,716,2022,22749.92
1114,Lisa Nelson,34.0,Female,515,2021,47091.32
1115,Marc Lee,77.0,Male,706,2023,
1116,Elizabeth Davenport,37.0,Other,698,2024,20809.25
1117,Devin Barrett,41.0,Male,798,2022,30005.6
1118,Andre Schneider,22.0,Female,764,2022,94803.37
1119,Cheryl Russell,51.0,Male,381,2024,9665.22
1120,Aaron Williams,23.0,Female,664,2023,64095.61
1121,Bianca Davis,70.0,Female,462,2022,66220.75
1122,Craig Mercado,19.0,Other,347,2022,65825.64
1123,Alyssa Greene,30.0,Female,810,2022,13389.23
1124,Mark Rice,79.0,Female,628,2023,
1125,Cynthia Fletcher,60.0,Other,415,2023,52504.45
1126,Jacob Hernandez,60.0,Female,636,2024,36188.31
1127,Heather Small,65.0,Other,446,2023,81906.14
1128,Rebecca Sims,28.0,Other,622,2023,14889.56
1129,Robert Blackwell,68.0,Female,742,2021,64155.88
1130,John Chaney,64.0,Female,312,2024,86108.62
1131,Jesse Vance,74.0,Male,793,2022,27272.74
1132,Valerie Kane,40.0,Other,586,2023,45518.87
1133,Curtis Nelson,72.0,Male,413,2022,43954.89
1134,Kristine Bradley,33.0,Female,779,2022,13193.55
1135,Stephen Pacheco,48.0,Male,321,2021,51023.89
1136,Nathan Figueroa,28.0,Other,648,2023,151971.91
1137,Brandon Garcia,71.0,Male,619,2024,
1138,John Stanley,33.0,Other,425,2023,6960.65
1139,Douglas Santiago,25.0,Female,576,2022,15089.07
1140,Suzanne Sampson,21.0,Female,503,2024,5062.03
1141,Taylor Johnson,57.0,Other,493,2023,109012.06
1142,Shannon Hill,21.0,Female,846,2022,64412.18
1143,Brent Berger,,Female,585,2022,18171.02
1144,Terry French,42.0,Female,356,2021,7265.5
1145,Brian Wood,20.0,Female,602,2021,13038.45
1146,James Lawson,49.0,Other,462,2021,15846.05
1147,Morgan Hart,20.0,Male,318,2022,33468.51
1148,Linda Jackson,44.0,Male,669,2023,32361.09
1149,Valerie Jones,46.0,Female,563,2021,114735.49
1150,Juan Simpson,49.0,Male,412,2023,15005.89
1151,Angel Ponce,67.0,Male,787,2021,6639.32
1152,Christopher Lee,78.0,Female,626,2024,9433.04
1153,Christina Lindsey,75.0,Female,841,2024,29317.15
1154,Tyler Harris,68.0,Male,364,2021,14476.39
1155,Christine Hoover,36.0,Other,591,2022,22402.86
1156,Tammy Duke,38.0,Female,324,2021,19051.84
1157,Allen Webb,,Other,848,2021,80756.29
1158,Mr. Nicholas Turner,35.0,Male,300,2022,16680.36
1159,Catherine Jenkins,45.0,Female,848,2024,20570.44
1160,Melissa Stanley,59.0,Other,440,2023,61465.8
1161,Jeremy Burnett,78.0,Female,487,2021,17051.11
1162,Mrs. Nicole Scott,39.0,Male,427,2022,45805.76
1163,Christopher Oliver,38.0,Other,500,2021,41791.07
1164,Stacey King,23.0,Male,426,2022,34569.2
1165,Kerri Bailey,18.0,Male,556,2023,9648.49
1166,Michelle Hart,22.0,Female,846,2023,102613.72
1167,Jeremy Martin,58.0,Other,493,2024,276408.87
1168,Jessica Martin,29.0,Male,403,2022,30266.02
1169,Janet Hodge,43.0,Male,834,2022,10536.47
1170,Laura Vega DDS,63.0,Other,564,2024,30885.91
1171,Derrick Banks,51.0,Male,683,2024,80725.74
1172,Craig Chapman,66.0,Male,559,2022,16216.18
1173,Sherry Marquez,31.0,Other,713,2024,26371.88
1174,Christopher Diaz,43.0,Other,657,2023,42176.01
1175,Joshua Gonzalez,62.0,Other,374,2021,99907.55
1176,Hayden Gutierrez,44.0,Other,654,2023,65145.36
1177,Katie Johnson,26.0,Female,487,2024,67901.99
1178,Kathy Jackson,43.0,Other,589,2022,19588.23
1179,Heather Williamson,74.0,Female,344,2022,44840.71
1180,Kimberly Nicholson,64.0,Female,382,2023,14573.93
1181,Eric Ruiz,74.0,Female,422,2022,69876.09
1182,Brandy Cook,39.0,Male,657,2024,
1183,Deanna Mckinney,64.0,Female,827,2023,52172.78
1184,Richard Roberts,,Female,365,2022,20775.76
1185,Andrew Gonzales,47.0,Male,674,2021,24470.55
1186,Eric Serrano,60.0,Male,461,2021,182675.91
1187,Robert Sims,65.0,Male,679,2024,21125.63
1188,Roy Klein,78.0,Other,657,2022,85729.03
1189,Lisa King,34.0,Male,487,2024,42101.74
1190,Vickie Terry,43.0,Male,621,2023,21478.68
1191,Alexis Cherry,53.0,Female,749,2021,7818.93
1192,Carrie Watkins,18.0,Male,773,2023,37069.62
1193,Scott Morris,25.0,Other,312,2022,32861.38
1194,Jeffrey West,66.0,Male,483,2024,182679.28
1195,Robert Cohen,52.0,Other,410,2024,12692.42
1196,Chad Miller,78.0,Male,807,2024,297664.19
1197,Debbie Lee,69.0,Male,589,2023,43816.39
1198,Eric Higgins,,Male,594,2021,43773.41
1199,Shane Shepard,64.0,Male,750,2023,16578.81
1200,Gary Brown DDS,73.0,Other,514,2023,41095.71
610,Margaret Ramirez,64.0,Other,601,2022,18668.77
745,Jocelyn Rios,54.0,Male,559,2024,24917.74
523,Heather Banks,41.0,Other,309,2023,95084.01
1084,Derek Robles,77.0,Male,734,2021,44383.51
979,Lindsey Carney,35.0,Other,512,2021,34046.27
129,Carrie Walton,46.0,Female,719,2023,9553.77
50,Bradley James,,Other,517,2024,54655.87
945,Max Thornton,29.0,Female,452,2022,93940.51
559,Alexis Shelton,23.0,Male,418,2024,44902.69
261,Audrey Anderson,76.0,Female,561,2023,5270.53
355,Deborah Morgan,59.0,Other,482,2021,46673.82
1080,Todd Wilson,28.0,Female,579,2024,31531.91
921,Adrian Martin,37.0,Female,532,2023,52497.97
1054,Nicole Jenkins,43.0,Other,376,2022,46290.96
1119,Cheryl Russell,51.0,Male,381,2024,9665.22
87,Matthew Vaughn,57.0,Female,716,2021,104135.76
590,Laurie Hernandez,36.0,Female,602,2024,39457.52
171,Tyler Crawford,44.0,Female,782,2021,10890.4
